{
  "bid": 828.52,
  "ask": 840,
  "high": 860,
  "low": 822.66,
  "last": 829.7,
  "volume1": 0.69863,
  "volume2": 584.085135,
  "average": 839.3,
  "vwap": 836.043269
}
