{
  "high": 850.9,
  "low": 817,
  "avg": 833.95,
  "vwap": 836.92614792,
  "vol": 2.53348466,
  "last": 818.65,
  "buy": 817,
  "sell": 850,
  "time": 1430155466
}
